datetime,pressure,temperature,humidity,wind_speed,wind_direction,visibility
2020/1/1 0:00,637.4540118847362,9.435659990691079,42.959305018703375,7.786226777043271,94.21404614492614,8283.813274957716
2020/1/1 1:00,695.0714306409916,3.7633728220442144,67.93306631648507,7.187728164445964,88.91236766591993,7657.051556814441
2020/1/1 2:00,673.1993941811405,-4.16653343,91.10620851134857,0.3846309870965353,326.2516489875732,5756.613066982954
2020/1/1 3:00,659.8658484197036,13.482825689743205,81.25574204866928,5.1187174143923455,89.83663194582219,9562.669078938734
2020/1/1 4:00,615.6018640442436,8.965591039385775,86.45928035030148,5.702934281787856,97.90190140630716,2044.7214295076078
2020/1/1 5:00,615.5994520336203,-9.308407123,76.11483566975022,5.982341713453508,273.38337447046695,1137.178892580733
2020/1/1 6:00,605.80836121682,16.882451457284485,78.45935951624966,8.702585538409984,161.9063432821944,8546.92157120645
2020/1/1 7:00,686.6176145774936,13.788803502310916,89.44369560957236,8.004038200903176,279.6158005038652,4419.540675505796
2020/1/1 8:00,660.1115011743209,18.242996965217344,47.47676062014301,9.11857639190167,23.531816723178686,8477.340099360252
2020/1/1 9:00,670.8072577796046,10.400182793592599,64.25974745501983,11.473248923131925,175.52562972241836,8936.247541694378
2020/1/1 10:00,602.0584494295803,6.469531857752646,45.484660927372154,12.194786080741402,12.100896065981747,671.4530565097608
2020/1/1 11:00,696.9909852161994,-0.36149373,99.13676055976529,10.771846143397417,22.555153243927627,8840.474391711305
2020/1/1 12:00,683.2442640800422,17.645496917390467,96.08415377806293,14.332855439324021,326.31748320398793,4510.774600925751
2020/1/1 13:00,621.2339110678276,15.312236132514293,32.759876795795414,0.27348874014542446,50.12833360233426,5128.803265592111
2020/1/1 14:00,618.1824967207101,-13.41734655,79.3902620760982,2.9366697852531916,191.67144561907816,6284.595485377442
2020/1/1 15:00,618.3404509853434,-14.07715589,94.7673822190966,0.1134431246721318,147.99441693625437,9267.506936964362
2020/1/1 16:00,630.4242242959538,-1.823782159,42.64027415891334,9.712120712319045,125.04359745318337,240.2051395761521
2020/1/1 17:00,652.4756431632238,13.36936657736415,69.75616613868407,13.470458234249804,323.94000444741806,4794.59250976228
2020/1/1 18:00,643.1945018642116,19.554664526023053,94.08418083116293,3.652234448644489,7.85642283917622,6892.834322184079
2020/1/1 19:00,629.1229140198042,-9.735408811,32.37621850100592,13.9055181719446,238.96428702321208,7240.934229097373
2020/1/1 20:00,661.185289472238,5.79457503732473,78.8194187072788,0.9040108543434128,346.82199631687814,6940.6976937942245
2020/1/1 21:00,613.9493860652042,-1.668820018,50.81443051607855,14.016540402082715,201.6605460462631,1387.6295376108126
2020/1/1 22:00,629.2144648535218,18.94700392351111,94.70773367635712,5.274340308594516,337.2560863319131,3028.9861042982284
2020/1/1 23:00,636.6361843293691,14.474162309749804,97.97407716157575,1.5213124267382478,18.812836542968554,3619.219477899284
2020/1/2 0:00,645.6069984217036,14.341504664889825,96.09865423794038,7.288076387794884,150.7655948666981,8054.150216411074
2020/1/2 1:00,678.5175961393013,1.4042605928239595,63.194995166022466,3.8516485158076192,93.65680474633842,2823.6607305248026
2020/1/2 2:00,619.967378215836,-0.481317418,90.34298556925194,4.273093529428842,263.0955473930627,2146.5143904786714
2020/1/2 3:00,651.4234438413612,-5.430752482,89.11845789745493,4.609349473894299,353.26695257900883,9576.607789429057
2020/1/2 4:00,659.2414568862042,-13.02685762,52.337033127027894,12.045388467489952,92.3508224799292,138.18968687901554
2020/1/2 5:00,604.6450412719997,15.265283168926864,88.02408319054742,8.087419150128817,235.5028565306668,9978.317514035683
2020/1/2 6:00,660.7544851901439,13.451535319552715,32.59053443008448,4.669615487340055,71.31514779350644,6784.371923631086
2020/1/2 7:00,617.0524123687292,19.99011856501457,71.73889149374372,9.155006749663775,203.51889164577958,8293.269529518715
2020/1/2 8:00,606.5051592985279,19.882289297586688,46.100618610139215,10.742260113347903,167.01569520780103,2981.4629936446217
2020/1/2 9:00,694.8885537253333,4.440109696091959,38.43968200440952,4.089360011003007,349.92191866735334,192.43701278724677
2020/1/2 10:00,696.563203307456,11.914559531317867,35.38672411404464,6.203236522880273,219.06981817072796,7391.801709687224
2020/1/2 11:00,680.8397348116462,18.06680054588498,78.74021431146979,1.8282914000542134,125.82229395125476,8349.738740156725
2020/1/2 12:00,630.461376917337,14.7376586737094,53.791247463764634,2.7172402430202047,41.07448255965601,7417.737512937515
2020/1/2 13:00,609.7672114006384,-6.342816439,80.73367400701329,10.216767809474742,54.44885834457644,1471.360358643344
2020/1/2 14:00,668.4233026512156,0.7690447358532726,34.574943855925966,2.721575215434404,81.11409478244464,7546.607826456842
2020/1/2 15:00,644.0152493739602,-10.47942047,52.07032364814272,7.877450755005903,90.34799808250727,7700.781681971028
2020/1/2 16:00,612.2038234844779,18.39178595405528,67.7643904662736,10.63569392583649,306.2217808228096,6602.478130917046
2020/1/2 17:00,649.517691011127,6.216112205780803,85.35062153872744,1.6031538464211574,202.04020378170898,7672.853531316083
2020/1/2 18:00,603.4388521115218,-6.997501807,52.312675205244894,8.509683294433554,188.42072809477193,8466.918324793434
2020/1/2 19:00,690.9320402078782,8.509523954204987,73.81239635059063,3.848441755520456,41.31679387291829,6155.3609366627115
2020/1/2 20:00,625.8779981600017,6.634488416026354,92.0184423765331,14.443903128563697,309.6502896057966,931.6169039983066
2020/1/2 21:00,666.2522284353981,-2.464304869,73.11042317276133,7.253184700798871,260.2131491550541,4901.896706188748
2020/1/2 22:00,631.171107608941,-11.02548427,46.30716323275436,12.089888246627371,24.360610284000572,822.6108799824704
2020/1/2 23:00,652.006802117781,8.505061845747985,31.70805470895766,8.253398132343927,254.82063500271673,4105.053158772687
2020/1/3 0:00,654.671027934328,3.210769531632767,90.90692117306509,0.6511879928222875,195.67375824335258,4100.709566799995
2020/1/3 1:00,618.4854455525527,12.031143710747376,31.4888587595271,9.497270633910336,29.421124468840173,706.7979491954037
2020/1/3 2:00,696.9584627764559,3.205722538919769,91.22911708789397,14.271050133099855,164.98823095031634,3520.7643129963194
2020/1/3 3:00,677.5132823361115,14.826352511148905,67.02559938190484,9.024177302194968,174.4906633668169,1154.4310829735825
2020/1/3 4:00,693.9498941564188,4.316739357106993,95.73473889590274,12.287832891401854,59.67883445877927,8091.940339591761
2020/1/3 5:00,689.482735042765,4.632829003738518,85.91482650415658,13.263096950226117,340.45133292010166,9479.495858346485
2020/1/3 6:00,659.7899978811085,15.682876093042076,99.85538773733363,3.421196579233987,305.9911337330383,769.5489288164891
2020/1/3 7:00,692.1874235023117,-0.878099683,54.54982708161971,3.1806725986233997,240.848041438479,9553.39631255243
2020/1/3 8:00,608.849250205192,-10.309467,83.70318022517888,9.164714832764876,166.42640196021858,5249.637163400615
2020/1/3 9:00,619.5982862419145,-13.99260633,58.13516395264695,6.165427047100571,148.23559497042305,3030.678495641045
2020/1/3 10:00,604.5227288910538,11.429803948576666,63.59129342127362,12.597919543000804,234.3504481743435,814.777648997827
2020/1/3 11:00,632.5330330763264,6.710834297371264,73.9253824252859,13.500346850970168,196.35547298648598,5031.211467300657
2020/1/3 12:00,638.8677289689482,9.642791883472825,91.15739799304372,5.301320689540772,22.418318117478822,7955.429667682949
2020/1/3 13:00,627.1349031773896,-7.546254347,98.88584284395066,3.553058384617231,184.5009535573194,7085.510448803647
2020/1/3 14:00,682.8737509151929,-10.22699835,83.77913897051627,11.707882728657927,290.30530220382224,549.7488140665389
2020/1/3 15:00,635.6753326693589,-14.4909367,59.243674751713364,4.122090533222042,165.3263559349049,775.3732619106399
2020/1/3 16:00,628.0934509687381,-2.729435442,59.494990159394916,12.339214777705175,18.70436791953663,4058.5891621947394
2020/1/3 17:00,654.2696083158248,5.647119039912159,81.6307611112224,6.356073804731443,283.0601517782519,2988.1404157770357
2020/1/3 18:00,614.0924224974763,-1.271458422,46.71440020378117,10.013248489372057,72.49096156895078,2362.224014407676
2020/1/3 19:00,680.2196980754039,0.31162227083051697,37.733187919197626,1.4330297075200227,93.10350055969396,2845.9947641417
2020/1/3 20:00,607.4550643679771,16.645554307281195,54.82355103485436,9.357889870148595,59.29428723562652,8044.6532958040025
2020/1/3 21:00,698.6886936600517,-2.811058654,50.10672941578572,6.7765151810584365,118.87742335373912,9295.819133636945
2020/1/3 22:00,677.2244769296658,2.9896321205933774,50.741568431919305,8.79912694763211,272.4305420479086,4080.771810549286
2020/1/3 23:00,619.8715681534172,12.427855445940008,46.35254257349369,2.5202131161729513,186.97890942141746,9065.804471218345
2020/1/4 0:00,600.5522117123602,-1.121002619,32.946523274545335,11.053106174162732,73.75725869425652,3248.8822274164254
2020/1/4 1:00,681.5461428454835,6.773034507975574,31.251175431338968,12.941956163148427,316.0188281347347,4790.548014120726
2020/1/4 2:00,670.6857343847618,15.18272980613608,99.14056728152221,3.251097001361635,316.6494677825505,2298.988528269197
2020/1/4 3:00,672.9007168040987,18.233221828017477,59.94411936151036,1.435718332802426,313.40823301656246,6422.736619649648
2020/1/4 4:00,677.1270346685945,-9.852428167,56.90286530117771,0.35457879069504594,85.96663609735414,9790.862095989349
2020/1/4 5:00,607.404465173409,17.430566880652307,77.57530978851489,9.62957250664899,162.44616390515571,6054.756305631618
2020/1/4 6:00,635.8465728544272,2.2240702577838363,45.27777215055449,9.106410541331712,354.596276210715,3610.250136929811
2020/1/4 7:00,611.586905952513,-5.96144641,96.49728287651577,8.20046119071105,277.9244914715965,6495.783587605757
2020/1/4 8:00,686.3103425875594,1.0697514683391454,85.04415100908864,3.479206441739631,9.780271641201534,1273.0607507306063
2020/1/4 9:00,662.3298126827558,19.301140134991698,36.258770161858166,5.86358993858272,23.47365285377714,8892.157848640716
2020/1/4 10:00,633.089802485265,2.2416332897504354,59.230654304944984,8.917145027792596,167.0152956524398,5055.685310259372
2020/1/4 11:00,606.3558350286023,-3.49369364,91.53828152935154,7.4515028828875405,327.31927411016164,4521.029933294439
2020/1/4 12:00,631.0982321715662,7.169029901085402,96.13124156039872,14.81678280322331,193.93264726297713,5879.354645112516
2020/1/4 13:00,632.5183322026747,-6.594903343,62.718105787490884,2.046596288350997,179.21250289234447,6266.599434754555
2020/1/4 14:00,672.9606178338064,-12.34478352,72.93879724474954,10.427168310713906,37.97053198438701,764.1692719538046
2020/1/4 15:00,663.7557471355213,-10.48920973,41.69237622644526,6.064781521564382,236.44083770074585,6842.041351172854
2020/1/4 16:00,688.7212742576327,-10.51839564,99.38180382958836,6.4229942238842215,295.9571378160812,2457.2202191395195
2020/1/4 17:00,647.221492516195,-9.683405727,46.21701909684104,10.763966484872643,136.95120270272244,7153.828693440569
2020/1/4 18:00,611.9594245938301,-10.14104896,95.99122418945879,10.386542269865545,279.2202663331179,8234.221204122758
2020/1/4 19:00,671.3244787222995,7.43061606811251,75.4752654294658,14.868839905532825,347.21159540429215,8049.387150147577
2020/1/4 20:00,676.0785048616897,-8.634197046,72.54157564152014,1.9259143418118785,73.35592528596807,5547.384625708497
2020/1/4 21:00,656.1277197569497,-2.901645084,65.88819577115561,1.5616447407624952,188.39866723010687,5225.690428491974
2020/1/4 22:00,677.0967179954561,16.387594346710415,46.14688682024311,10.865082256931117,103.3696649104472,1471.6158153271465
2020/1/4 23:00,649.3795596364391,1.5886574092005326,42.35696224038558,8.675803755096137,285.42759085218216,7764.694196511199
2020/1/5 0:00,652.2732829381994,8.364520848235951,45.43403463491227,4.112409998397088,207.9336117172167,2750.523335444808
2020/1/5 1:00,642.754101835855,-8.968804508,43.05067835009782,1.191290534834799,228.44967031810936,4992.119457038568
2020/1/5 2:00,602.5419126744096,-8.269884342,84.57091314967273,1.284873743946458,287.2490974617219,2878.5272246287914
2020/1/5 3:00,610.7891426993305,-13.56959843,54.508768141671105,13.412863119961774,142.54937015848375,1381.5922118469468
2020/1/5 4:00,603.1429185686734,-9.087272792,34.048987359437746,2.8780098707811437,329.4324246265356,6314.099084072779
2020/1/5 5:00,663.641041126378,-5.249338134,97.83718410985679,4.850573431732811,191.8903922086104,590.6037464878931
2020/1/5 6:00,631.4355981076327,-8.80463305,91.8650119474398,3.3998460334048204,56.863736220725286,7499.02007955569
2020/1/5 7:00,650.8570691164703,-11.89541132,94.94265982366491,5.3249445874790595,250.52368254076887,3209.9886128481107
2020/1/5 8:00,690.7566473926092,-10.77774451,99.64354758525047,1.0413576411914005,285.5740861577716,51.340195394628935
2020/1/5 9:00,624.9292229148875,1.127256881145403,42.17266744536411,7.785896863624055,114.03420374430961,5135.734935410436
2020/1/5 10:00,641.038292303563,-7.778319856,57.736941323186116,1.0141884538832235,308.5845325195511,516.176489849651
2020/1/5 11:00,675.5551138543049,-2.250554863,83.07669329928639,12.005347617335424,326.2115717156759,2797.8871003179497
2020/1/5 12:00,622.8798165491622,2.6196044799199925,78.72144326376545,3.5056812286564956,99.68561545601122,7084.416050184376
2020/1/5 13:00,607.6979909828793,9.163819002027786,40.772713443789854,8.100178719067658,354.0677301774799,673.7617351375653
2020/1/5 14:00,628.9751452913767,-13.62407511,87.10831874934325,13.201186313421873,50.65615009755303,8401.417998942223
2020/1/5 15:00,616.1221287254004,12.979363961816492,45.710840028566246,9.763160535707913,72.72564062489639,88.00823045290193
2020/1/5 16:00,692.9697652342574,6.976513632181771,45.667233037583614,7.994366798270029,66.32094212568941,2505.8974985589275
2020/1/5 17:00,680.8120379564417,-12.13843388,67.58820960253895,4.865006296730634,321.83629560283333,7421.995358713111
2020/1/5 18:00,663.3403756510423,15.575251843737203,71.50579543891922,4.995028695872969,235.54531883698627,3196.8879898066025
2020/1/5 19:00,687.1460590187718,17.23053401861346,70.60603454864679,10.042304327972852,54.75754196001824,1063.8292612568346
2020/1/5 20:00,680.3672076899114,-12.86227141,36.40407861784284,14.912090418317513,158.51643061260563,3634.3274920642575
2020/1/5 21:00,618.6570058886036,-5.309282315,91.42226038412662,9.927587847740678,221.50728902512873,2740.413199526029
2020/1/5 22:00,689.2558998489977,13.217044792757147,48.592002981209426,8.366751260550373,30.047070596177985,8434.983426497522
2020/1/5 23:00,653.934224191565,11.189089163428044,39.06604448979629,10.959757653588692,317.66989262664197,3167.811779972174
2020/1/6 0:00,680.7440155164063,-8.541764323,92.2123655908284,6.978084184255772,289.29727275895266,7899.878094171272
2020/1/6 1:00,689.6091299923494,-7.672773683,96.89560487608274,0.9021351390117782,181.87443848758977,8924.127840866811
2020/1/6 2:00,631.8003474971864,-2.033476402,90.34893320858154,8.434452238168648,348.1655814933014,4366.483324786469
2020/1/6 3:00,611.0051924527677,1.9583044816857473,86.66612523074147,14.364379267580704,150.3939525390359,9103.934281351201
2020/1/6 4:00,622.7935162541942,6.638917003560358,75.86693864473152,2.6295441353648945,354.27971485313924,3804.3146369337687
2020/1/6 5:00,642.7107788626256,-2.088022615,68.56001594263975,10.350073362309987,240.45119956930574,9642.580244076576
2020/1/6 6:00,681.8014765922493,1.188715064660176,36.08907319379871,3.014005329885847,228.48165837141892,938.4307690294506
2020/1/6 7:00,686.0730583256343,11.161482834681479,58.59172491494891,8.037415267096218,59.7437623064826,6885.841701707265
2020/1/6 8:00,600.6952130531191,-13.7160879,56.08819619086198,1.4501467447007943,317.4939929896718,4963.449702546441
2020/1/6 9:00,651.0747302577565,-6.164706948,48.182764863222836,6.755564043872777,153.89628765142146,3907.1056142836883
2020/1/6 10:00,641.7411003148779,9.967235505959337,80.63940795820095,11.342449933428691,58.40402608169257,6345.483193548579
2020/1/6 11:00,622.210781047073,16.332239319051975,64.71130145551396,5.213572863584731,4.538707191273255,7053.378061761596
2020/1/6 12:00,611.9865367333683,2.9087104740483127,35.673235113535355,9.97367586730827,201.51204610981773,93.41453302057542
2020/1/6 13:00,633.7615171403628,3.6239719842860474,45.41282413648679,11.931749411845939,189.86386396416347,1711.1832330346272
2020/1/6 14:00,694.2909703912519,-11.2489796,77.8281134561717,13.907667292191789,258.9673040528971,7144.808203811471
2020/1/6 15:00,632.3202932020755,0.6594328388209121,35.32916016432101,3.519631227831803,320.4928990864088,6680.5348651031545
2020/1/6 16:00,651.8790621743366,3.6416043259258117,89.5844839834138,5.989738737139622,28.58637047149063,9662.172676030339
2020/1/6 17:00,670.3018958895178,-6.513532373,64.6602568909782,2.2862401999562616,263.33873652253044,7622.3260129952905
2020/1/6 18:00,636.3629602379294,-5.576486917,63.64106041286536,14.887252532375628,67.4682998751296,9510.188441926814
2020/1/6 19:00,697.1782082720961,-1.795054291,71.46854492616623,13.90501451886443,308.94373913657904,7040.277990271329
2020/1/6 20:00,696.2447294942111,-14.29750808,87.72766761476043,8.099356954208394,294.8628649901962,3015.6194759624595
2020/1/6 21:00,625.1782295825365,-3.727229205,54.34664455315351,12.63049941564632,194.68575179479598,1098.3809763960219
2020/1/6 22:00,649.7248505892385,-7.599319755,77.46113067913444,7.814369659080633,255.68740750439216,7829.1474402821095
2020/1/6 23:00,630.0878309816769,-3.537592674,69.60123747970538,9.353785320041396,113.16604074614942,6459.284753685363
2020/1/7 0:00,628.4840494377468,-10.80832539,48.69197891185949,1.3368664817402491,169.62044361581326,529.4508233132974
2020/1/7 1:00,603.6886947354533,16.168454825896323,91.50409904486105,11.329056307452118,295.7892831757698,3632.5021357147343
2020/1/7 2:00,660.9564333979897,5.775735874391703,85.81982151248496,1.9157022545285223,165.335470982357,9570.158164068647
2020/1/7 3:00,650.2679023228861,8.768581170057136,76.09162842608978,12.391014453787927,128.80737551715904,5028.991399816502
2020/1/7 4:00,605.1478751249989,12.620993351256839,89.54072103659693,11.73042131505579,177.91648101010796,4355.654903396061
2020/1/7 5:00,627.8646464236612,2.445476962517006,90.71059406718616,10.631170466144647,298.1697308773986,4604.111071334975
2020/1/7 6:00,690.8265885966654,-11.95778992,79.58540837005243,0.5424057078714317,120.67489705351419,2128.383103851379
2020/1/7 7:00,623.9561890666972,3.7987289636491717,88.59093298545704,4.546925339179929,62.554173528867764,3718.636350104712
2020/1/7 8:00,614.4894872091223,5.53943913073077,78.82300231684985,3.946688548662643,256.3250473190811,3729.6418970724076
2020/1/7 9:00,648.9452760277563,11.09038159645155,77.60985402322103,5.402046112072786,297.35215657490943,570.9324508653503
2020/1/7 10:00,698.56504541106,0.1080841180387786,73.3027964750629,1.3146412014575781,36.229492268472,7687.297903753287
2020/1/7 11:00,624.20552715115,-10.5346894,82.69016476903488,14.054367345465941,86.3546805921401,4194.219097443596
2020/1/7 12:00,667.2135547405878,-5.067843297,41.10235737051516,8.307033610685645,51.109916313957804,8230.689873823412
2020/1/7 13:00,676.1619615328717,-2.292119626,91.66095314392498,4.582864659870353,125.25890816957998,8510.962611142959
2020/1/7 14:00,623.7637543992399,7.607103446606043,91.02904694216625,5.9547227561142515,162.12635240594855,2159.340844251648
2020/1/7 15:00,672.821634861186,4.977240663411916,32.047309812419144,6.708038107572535,269.57748130679033,6590.66714759278
2020/1/7 16:00,636.7783132719253,-2.536614594,87.80717253953338,9.00891500040926,234.4131305574027,4749.203951421668
2020/1/7 17:00,663.230583059358,19.52803370775429,39.020890723141164,7.735191415447467,223.5342842922352,8807.559542318777
2020/1/7 18:00,663.3529710760895,6.20211867749105,53.45831979813993,13.79087959821626,126.85498077947558,2196.6197578057186
2020/1/7 19:00,653.5774684074759,-6.697062289,82.04557794041254,7.454452243587454,302.9211191105136,6794.24134308494
2020/1/7 20:00,609.0289770054409,-11.43761346,41.253192723381574,14.88237022234969,169.66338026333923,6097.13361641459
2020/1/7 21:00,683.5302495589237,-9.649930129,87.25769168833435,12.771374366176437,352.47777768545564,2988.249701839736
2020/1/7 22:00,632.0780064971735,-6.391479507,88.24939245704194,3.127657715360037,228.29116978646528,1409.1789913291675
2020/1/7 23:00,618.6518510399854,-9.376151936,65.52274136325853,13.958928219658745,45.455306963220984,6533.815616748901
2020/1/8 0:00,604.0775141554764,-8.470154158,30.44701102017835,1.7454959682821414,243.42392234715624,7399.04470841669
2020/1/8 1:00,659.0892943188242,-5.021669096,50.09266932224389,12.261745627367874,117.03744555541164,3190.4920704453325
2020/1/8 2:00,667.7564361842283,-8.931924165,73.18488428630195,5.7093494021487015,247.07779080699507,6466.084410022022
2020/1/8 3:00,601.6587828927857,16.386789861924882,98.68303246191964,13.169614806676043,25.070813338466067,3981.5525307344574
2020/1/8 4:00,651.2093058299281,-12.1918189,74.22694689116679,13.020850351611756,62.95731738334538,7146.408488662047
2020/1/8 5:00,622.6495775197938,3.3578986349589144,48.186250674491184,12.088881001764317,308.06541320608306,2032.1919851958285
2020/1/8 6:00,664.517279040945,-0.636111055,74.38039921697279,11.85045654460592,81.78464052846536,8907.639276229935
2020/1/8 7:00,617.4366429004991,19.383251591801226,67.79897658010988,4.570187086470612,301.3348050874584,2909.7254848325183
2020/1/8 8:00,669.0937738102466,-11.07863842,84.58917766058005,1.2137892457687827,100.53939184358775,3709.470578173721
2020/1/8 9:00,638.6735346300537,-1.075054033,37.48864471788709,6.044702681477422,231.43748762113475,628.0149231994803
2020/1/8 10:00,693.6729988736735,18.931465164637913,83.27195317514196,2.60286772479763,249.89420646353915,1159.5465125967
2020/1/8 11:00,613.7520944145994,15.29274940628931,67.88866050732773,10.424266333536925,184.55571113221905,5182.825931987665
2020/1/8 12:00,634.1066351050258,13.597522483224797,97.40944027012962,5.191495898066783,109.91184361082327,2712.5471334433164
2020/1/8 13:00,611.347352124059,-5.973401053,53.931051622708026,14.634153012898723,76.5519754935946,8363.028246134834
2020/1/8 14:00,692.4693618278562,-9.018934441,74.28353251937637,9.61458116017998,11.94816764247344,196.19921711679075
2020/1/8 15:00,687.7339353380981,8.402512697355085,95.24196738570123,12.337208454515414,109.42070444666057,3821.985784285765
2020/1/8 16:00,625.7941627715155,17.528159619465505,37.175680959347545,1.9878700911277263,235.1386045912619,3406.5881903524723
2020/1/8 17:00,665.998404603418,4.486701255487542,95.60599410655158,12.930217234089339,337.7897346414538,242.3099276301303
2020/1/8 18:00,681.7222200201215,5.006444131446493,78.15200056105694,13.841357857700915,313.63361361469873,1287.4655700550768
2020/1/8 19:00,655.5200811599462,-5.200731722,34.74859413736203,7.305928782284038,275.7833195527089,4165.744615440421
2020/1/8 20:00,652.9650578356006,11.93225266171779,51.067449686277136,9.093794066264662,283.8410435711875,4954.002615252094
2020/1/8 21:00,624.1852290900451,-8.4534688,79.57204620516971,11.472147013544932,239.3945652513583,4072.6829851859475
2020/1/8 22:00,609.3102767805899,-3.671226726,34.71454210281402,2.622579408906188,93.70326872376108,5332.829900200333
2020/1/8 23:00,689.7215757953327,-0.109724648,70.75193221233913,7.538491146951636,326.59021105409875,5971.560165311531
2020/1/9 0:00,690.0418057163331,2.7663632539559266,54.21181398670697,5.979945416584696,241.46363228610025,148.74202022196454
2020/1/9 1:00,663.3101457273268,-6.515659365,73.4640862437234,2.195609882433737,201.75862715295838,4667.746836562364
2020/1/9 2:00,633.90297910487,-10.98071113,33.2019423668759,5.5130163343729714,39.956208916853186,9636.817446831505
2020/1/9 3:00,634.9209574612661,6.371701485457141,91.00757643066635,1.0225846407824035,160.93999577031315,5214.37118728901
2020/1/9 4:00,672.5955678870239,-4.897930637,98.14422784241778,0.38717860424230477,165.72897763269347,6791.545561216584
2020/1/9 5:00,689.7110259952577,5.343337749791431,97.8214498699984,2.0274943373223415,311.2428994281612,3153.045386272988
2020/1/9 6:00,688.7086424265117,-9.597304965,82.47562822200473,14.446726673837608,196.79335926760385,7751.214212619987
2020/1/9 7:00,677.9875545857624,1.839903564918611,39.106036809144236,8.242943038425254,136.94419762934749,7740.5687446673455
2020/1/9 8:00,664.2031646154288,3.640630139305504,83.07842371503159,14.4873324172983,351.6481182638374,5236.895674158683
2020/1/9 9:00,608.4139964995048,-13.18617621,31.721084152116106,6.48746817495198,39.85941359747364,9761.337541628176
2020/1/9 10:00,616.1628714094613,-3.218850263,31.548648607029808,4.677241996278894,152.11743419230007,1299.2246368884012
2020/1/9 11:00,689.8554188527079,-10.29548631,52.652715340467886,7.592127942603661,15.128883061705904,218.62926565133088
2020/1/9 12:00,660.642905965959,-12.78187603,64.2050233283266,6.592675329493652,266.36548347609494,7713.074206983105
2020/1/9 13:00,600.9197051616629,19.648608133648082,83.92851924654553,1.5849702639261587,330.50755879169424,8081.197596780581
2020/1/9 14:00,610.1471542866032,-3.717615426,77.83067636245536,9.612394720353093,100.8134386381762,1246.0619297497335
2020/1/9 15:00,666.3501769108055,13.345605604912219,61.21318944637238,3.240572737643994,309.0030036476835,2692.54918793813
2020/1/9 16:00,600.5061583846218,-6.087577083,49.15386663971661,9.293819323467444,105.19856296628319,224.64601549795765
2020/1/9 17:00,616.0808051417499,8.852595277837523,99.79871501103977,9.7530163859723,327.87725819180946,2968.420677266619
2020/1/9 18:00,654.8733789366586,11.607975096139029,59.83269115651811,2.2803727969297216,271.4262852948422,7742.761645490781
2020/1/9 19:00,669.1895197692693,5.8473559212745485,61.59709170307728,0.9202444066600224,289.7664396629179,5203.707250740161
2020/1/9 20:00,665.19612595026,1.505166599255542,41.453667483416844,11.711423791026597,6.48236001616362,3513.5511520244663
2020/1/9 21:00,622.426930946056,-0.585568005,85.63666841249506,6.897006356539802,346.6117285466493,3748.8059843179863
2020/1/9 22:00,671.2179221347536,-2.789610671,78.55775580470421,0.8724569325821369,261.60155714531635,63.46857586890813
2020/1/9 23:00,623.72490874968,17.533520048673907,45.45387289521322,14.922994757546507,109.71039433900799,3033.015249274097
2020/1/10 0:00,632.5399698159267,14.07167927257052,35.766673193108986,0.8667084149454996,298.5820793491849,6482.264479297409
2020/1/10 1:00,674.6491405118024,18.775941873327938,77.63495114522992,10.425528432878298,101.34763142937479,9743.234715972752
2020/1/10 2:00,664.9632899047215,-10.64959718,75.81578499967947,14.755183878951204,314.19138224380606,8478.2552284898
2020/1/10 3:00,684.9223410494178,10.580361632127548,49.12816688987465,3.587701563238884,40.52894054829733,284.7698982230148
2020/1/10 4:00,665.7612892300343,17.841915988736325,96.56044935752873,2.133740530307943,253.32695188588647,8990.678016514652
2020/1/10 5:00,656.8308603335472,-8.656842684,40.574052424663016,1.8207740913364334,194.65145159216772,7842.824212321328
2020/1/10 6:00,609.3674767828093,-12.67263064,60.26343607298213,4.549127213513933,34.75240927035869,7814.742429531255
2020/1/10 7:00,636.7715803059433,10.939222725152067,96.05311441173193,1.5156871651597004,87.08177817318203,4607.057802085536
2020/1/10 8:00,626.5202367681726,5.1065589612969156,59.38091218482856,10.38242012541198,4.465453059833324,4010.152664897303
2020/1/10 9:00,624.3989643379084,14.464007186539522,74.696816336486,0.9343769719509404,168.7564675672221,3064.0115018902666
2020/1/10 10:00,697.3010554752445,-10.10796682,57.831607857395596,7.641331922246845,108.45549387360013,703.6638465959395
2020/1/10 11:00,639.309772466676,12.834355915096157,49.1950641644069,14.950452807794651,215.40869434719318,2320.9418667623063
2020/1/10 12:00,689.2046555177113,-7.943043798,98.87843535718798,12.209554042590282,107.00561077510218,2503.706168031345
2020/1/10 13:00,663.1138625997263,-9.272042,58.65338044205301,9.228291573465164,107.97088014251449,4866.566843616506
2020/1/10 14:00,679.4811303541649,-9.250697072,92.58694425753941,4.593804311799175,267.5495515433772,7487.071845637105
2020/1/10 15:00,650.2637093105192,13.510115208098373,46.09682241237603,9.358437544374578,17.331420952207242,4764.407792559568
2020/1/10 16:00,657.690388462636,8.281902724367004,44.91732928175583,7.905621958674774,325.04219826911543,625.552271999248
2020/1/10 17:00,649.2517693818863,3.3072898669191773,32.17938580191579,6.391250758355572,306.8149947808253,9580.008519832629
2020/1/10 18:00,619.5242987798044,-2.440933056,75.61667777631195,1.960655651102992,240.40968596150634,9430.106974986416
2020/1/10 19:00,672.2452115261506,15.702018928458791,55.796844060663275,13.299063228607,213.55976523865834,7862.6359543266635
2020/1/10 20:00,628.0772362440856,-1.26442124,90.50507748877459,6.746769732319838,321.2288993302748,9913.712620563994
2020/1/10 21:00,602.4315966431454,13.5809803815052,63.124693468409,2.919337677311476,66.7188646303372,5467.599211362616
2020/1/10 22:00,664.5472295907168,0.3697217999576452,97.77353995403053,5.516390263159344,28.4288983886983,9629.545085019401
2020/1/10 23:00,617.7110679407049,-1.80694497,42.98678609921848,6.211946287933905,86.22366116743372,802.2701541366702
2020/1/11 0:00,694.0458584352914,1.193792498436224,90.80362175689275,12.413068433503115,286.0481803320685,3688.5234452006443
2020/1/11 1:00,695.3928577002587,-4.451774404,84.36177969542192,11.00421570842103,12.481296021533996,2292.54361666732
2020/1/11 2:00,691.4864390220448,11.16632830616879,83.96452912508364,11.539573404620096,209.81046063005627,1998.5391871359868
2020/1/11 3:00,637.0158700255445,2.595213653236769,89.13482596818213,0.1654689664297082,358.3575058288716,1450.989341482127
2020/1/11 4:00,601.5456616528868,-6.87255567,83.27167936600992,6.242309972696423,308.0505937815142,6243.015733581667
2020/1/11 5:00,692.8318562587725,16.485110064609895,73.83542251419908,7.220162274529854,187.7204480556922,7824.152464685685
2020/1/11 6:00,642.8184148317314,-1.563807252,39.18714143776713,0.2878841523458503,22.910727343191244,5804.069074232589
2020/1/11 7:00,696.665481904367,4.0243501389896,32.27683256438763,3.8971981311755135,299.29446517885555,1512.2789604026862
2020/1/11 8:00,696.3619977089253,16.726523883759143,94.45934934709808,11.404347346832026,215.6322629437958,8120.681510838035
2020/1/11 9:00,685.300945546736,6.8483298569897215,73.16552201645166,2.056645585934986,41.37587894144406,6377.749336279098
2020/1/11 10:00,629.4448892069586,-10.90856858,85.75761036833234,8.029651971788875,33.78862253640823,3912.2487759636056
2020/1/11 11:00,638.5097728601925,17.894124326471626,63.706564605878505,3.2280280802585626,327.46565499717326,6757.596440583827
2020/1/11 12:00,685.1136671516857,6.969781857499626,38.211573227367616,0.1818116196583991,240.91209465770822,2636.0545434661867
2020/1/11 13:00,631.6922005156277,-3.278303487,38.76300545417853,3.618021863993122,298.543247754032,3484.6624745173945
2020/1/11 14:00,616.9492746686093,-10.12547746,77.989570106028,14.638106323650806,316.4324041016162,9178.984139163304
2020/1/11 15:00,655.680126245835,12.790881624460358,60.12141264296239,12.023056678244844,205.83804673739598,2940.519831430633
2020/1/11 16:00,693.6154774160781,6.702546457497974,44.03673086902357,14.3936496648155,186.28068663181486,4726.383268171469
2020/1/11 17:00,669.6029796674973,3.6711382191712545,64.41161827190058,7.317810658895437,154.95386771555647,8906.904317090346
2020/1/11 18:00,657.0061170089365,16.286240406783516,34.494625595259386,1.6460429801625525,114.10077160480294,7091.827435161898
2020/1/11 19:00,609.7176493770769,12.600902392858575,70.73799813400791,8.219392334605395,156.45454590913624,668.9221003387923
2020/1/11 20:00,661.500722669917,-9.691379209,48.82953831045684,6.815660018399413,278.5966760628563,1515.6652905757549
2020/1/11 21:00,699.0053850104264,-4.089727627,85.82913704460317,12.665356241094239,216.69243516544736,128.02382818057234
2020/1/11 22:00,614.0084015236524,-6.302880106,51.72533712465017,1.471238711763669,321.30838438374457,6327.671812780176
2020/1/11 23:00,651.8329652363736,11.038120240043693,61.86541043572608,7.323617055326673,159.61680517650757,4504.350582833662
2020/1/12 0:00,687.7373071927956,-13.82636478,30.813437793567044,2.250729970409764,218.55224833875144,1386.0347664776416
2020/1/12 1:00,674.0768617754204,4.946138970496079,35.07128214561912,4.8701389033509,227.27071911311594,9581.444504514866
2020/1/12 2:00,669.7015740995269,11.68605400092417,57.47454894846794,11.060356160816994,213.0109784302772,5320.114253258918
2020/1/12 3:00,670.2484083987109,15.686797286661232,63.595718430198644,7.140271940531498,252.94815831078589,2456.8382764232474
2020/1/12 4:00,635.9491151219755,-3.027138795,72.00143836835126,5.63832427718654,85.47604861493026,5031.00553298934
2020/1/12 5:00,629.3591844264494,13.74400566352045,50.416380509651226,5.917144178550529,184.45095991648463,6812.222310714323
2020/1/12 6:00,680.9361155478514,-11.12788921,78.64873202885798,6.8917015260898,37.520929011005165,808.5802188369665
2020/1/12 7:00,681.0113394679181,14.625830210708138,90.20856780324432,11.775248157555854,138.4240779521325,2783.3029597265254
2020/1/12 8:00,686.7072318580103,-10.53789682,84.5895692225345,13.381270334103515,175.5601447036552,8079.306634295736
2020/1/12 9:00,691.3240552556472,-1.09494483,32.773317774385,14.330020297558924,234.80073343637008,4623.66546050648
2020/1/12 10:00,651.1342398860938,12.905337802284375,63.63548630804802,11.803550793829427,342.1911789310333,5488.442563221334
2020/1/12 11:00,650.15162946872,-9.752890043,37.34511248927224,4.731103436220191,216.2343839574081,4356.519221984219
2020/1/12 12:00,679.8295178966775,-6.976201167,46.943151110376924,10.322020591298132,267.69380982356154,486.8044292979009
2020/1/12 13:00,664.9963930777765,10.278839893757318,99.06638152870025,6.564046860830879,182.255781418273,1699.2103092105515
2020/1/12 14:00,670.1966877257703,10.201278779112602,39.974688003105925,3.8200593306907678,228.27745129547927,4483.1393054818145
2020/1/12 15:00,679.5792669436102,7.440167150985406,64.92217074159493,12.61307369138884,25.535597808158435,2131.395380808882
2020/1/12 16:00,689.0005341817566,9.288195556348501,73.27090140226834,0.576395234434875,91.58096910306492,547.2913351638034
2020/1/12 17:00,633.7995156851536,3.9953555171658657,79.17254793808728,13.526429882031353,130.26711355384992,8444.314157315646
2020/1/12 18:00,637.5582952639944,-6.187032938,69.17540784408399,6.922161969371013,170.0976078023449,9812.865665182951
2020/1/12 19:00,609.3981939840869,-2.900640227,30.683959319342858,9.558022152124206,16.433548380858145,7941.7715962675575
2020/1/12 20:00,657.8280140996173,-8.644079912,52.85229157707943,9.89030883308674,50.40867511919436,8545.159970961437
2020/1/12 21:00,603.5942273796742,16.79576964667699,66.2398150369298,13.426766110598045,99.65315080487008,2457.6724466546016
2020/1/12 22:00,646.559801813246,5.418712816814217,36.15065494013834,9.55004523250811,349.7517687243782,9608.238406356337
2020/1/12 23:00,654.2644634707576,-0.970200413,54.543885184642654,9.209003771400926,119.28492255709827,2009.4107593116125
2020/1/13 0:00,628.6541252128285,1.1702031275446423,32.32421761539566,0.9997806084103494,173.5347809203497,9516.72661310023
2020/1/13 1:00,659.0833260569011,18.154916886413538,35.500494800851456,7.776120329178061,70.59517658582146,9948.451974961214
2020/1/13 2:00,603.0500249939049,-9.632700891,57.78462933411173,2.252535012255625,219.88082558727658,7131.641917173185
2020/1/13 3:00,603.7348188749214,5.518044120587902,39.29010278301423,11.061506530822284,101.04595758575076,9812.380131328628
2020/1/13 4:00,682.2600560659658,2.70610376095631,69.72785937830906,7.683328812190117,74.51732823783364,5716.920806692681
2020/1/13 5:00,636.0190641411263,6.400898240212673,78.2625478396086,10.2034166881253,185.96614624055246,2632.440742602099
2020/1/13 6:00,612.7060512651885,-14.36614357,86.0410689376358,0.625093509035764,1.9820876977514956,4398.109062372928
2020/1/13 7:00,652.2243260054804,15.524336813045302,44.010517097136706,1.2718802406870484,2.759051753721118,5955.93130701892
2020/1/13 8:00,676.9993553098611,17.624139886926436,41.72378075813488,10.744850820940234,78.8647712766688,777.1615421687992
2020/1/13 9:00,621.5821027496843,4.7796614256223116,37.31974882340802,1.0812650399801005,13.219690500295611,6242.315482941599
2020/1/13 10:00,662.2890476,9.38277883569123,74.55011746805457,1.0688509164788789,38.889271487048894,9812.71947578483
2020/1/13 11:00,608.5347464993768,17.28747834120535,79.45330085408308,0.18162712852331175,121.98983376195058,1941.57111534809
2020/1/13 12:00,605.1681721168608,9.753352200968951,32.21103013779494,14.347520974492202,288.9308446487326,7936.321407069414
2020/1/13 13:00,653.1354631568148,-9.661133498,95.53485723705829,11.062625391885105,205.9375116129483,9083.592998107213
2020/1/13 14:00,654.0635121610106,5.170092605838462,33.63798985560307,5.298771127530962,184.56038134430992,9439.830848561198
2020/1/13 15:00,663.7429901498207,6.235026623399957,67.89074347107493,4.448033719314829,105.6559763549238,9603.3492638342
2020/1/13 16:00,672.6091333722661,-0.155426504,79.63423636156415,5.245548446187743,335.4313389958139,5238.523405278645
2020/1/13 17:00,697.5852079462535,10.775548246865299,90.967838662226,11.619802967717728,142.925414845389,9774.213684515462
2020/1/13 18:00,651.6300348301195,17.702845516915517,79.98608524926995,9.920559166056217,31.353396046477737,7585.236560987667
2020/1/13 19:00,632.2956472941246,17.39489795173717,86.12096581488544,2.777933518012019,222.14394580240847,1658.630790557771
2020/1/13 20:00,679.5186194768704,0.7793779991446232,53.761513477996424,2.611640030011265,40.98182165157651,4795.156059356302
2020/1/13 21:00,627.0832251262075,-11.0366684,87.03775796225585,1.4759347457009597,124.28033140860916,7197.395194951439
2020/1/13 22:00,643.8971420705636,19.46944196368171,35.60803924692726,9.904540795520072,182.6682979384112,2511.0361423998793
2020/1/13 23:00,607.8456381342266,14.361433025607695,92.63716592423694,11.46558993332604,314.7201088866633,6424.1210763114295
2020/1/14 0:00,602.5350743415457,-10.63680616,68.33146633076154,3.9756964248750606,177.67676892244273,6682.674766513861
2020/1/14 1:00,696.2648414677925,17.22946589160803,87.21084389737456,0.3141744154636922,252.81315577139912,1668.8624508952305
2020/1/14 2:00,683.5980120512206,15.44637267217449,61.66227991628101,1.2325750121464103,357.41406203966534,5672.598858904925
2020/1/14 3:00,669.5974206093698,3.1593319994125224,75.05043866375675,14.517900522675458,47.336083163273386,7727.687764237146
2020/1/14 4:00,640.895294441427,5.694640251072524,66.84818626552791,4.431671662161304,98.90334918702703,5014.011862132622
2020/1/14 5:00,617.3294320070846,-1.034905365,81.21126652287323,11.538347217572005,142.0473872151527,170.42601192226888
2020/1/14 6:00,615.6437042671087,-13.08334264,35.71409874214127,9.369953532813957,151.8581442739793,139.93276733895715
2020/1/14 7:00,625.0242898164595,-3.268096542,34.22464587933946,5.729094594793438,147.96758709559649,3602.4419725016214
2020/1/14 8:00,654.9226664706121,13.0998707009304,47.29722638071025,3.0853089329333265,326.73996092035975,9265.63098089623
2020/1/14 9:00,671.4595922700063,-14.83787919,41.16812760792318,1.8207962723910964,257.0517520080683,2325.3339570559074
2020/1/14 10:00,666.0197376717731,-3.327528991,91.02484966145411,9.225194520582999,218.84587707265334,6361.918704273287
2020/1/14 11:00,627.9933896945943,-1.064095724,45.344979115063104,11.619506709566819,111.37417843060155,2259.6549133985395
2020/1/14 12:00,695.4865280663194,3.8088461028272995,98.31056790733919,9.65856380311696,296.5645383196661,3250.616397112509
2020/1/14 13:00,673.7896916695769,17.194946574446618,53.58270542397748,7.954531998737375,343.82178413459604,8488.018791534765
2020/1/14 14:00,655.4354052511401,-2.877890197,42.748254098208946,0.629268351474544,295.63138171808157,7302.171350585972
2020/1/14 15:00,661.1720746234353,-2.856637934,85.27889549997354,14.527331663915756,0.5634378689302455,999.2228092664458
2020/1/14 16:00,641.960006242779,10.812543683841191,76.10954428506133,11.980712874818618,229.10449326602654,4315.585108815015
2020/1/14 17:00,624.7730989501157,0.8276279311432511,64.87370015171973,4.392330550514471,18.40873731915626,340.23914827038146
2020/1/14 18:00,635.5972678651261,-7.138831197,68.87544856563419,14.69955494038276,92.73859932013987,4834.856958699939
2020/1/14 19:00,675.7846110464369,0.8353830646442688,80.34412447905848,9.028223844544831,21.428892125197805,6641.218416425628
2020/1/14 20:00,601.4393488629756,-10.07000429,45.99183189319091,8.736339873108697,217.3663630617796,1229.101104801608
2020/1/14 21:00,611.6072640506916,-8.826455472,99.74337412397193,11.221097691442981,247.17236885733845,2924.4051421461986
2020/1/14 22:00,604.6002642021753,2.442872045881792,98.23552135027482,12.176546821352064,41.21554970372584,4008.4744237464615
2020/1/14 23:00,604.072880231897,-0.337609267,75.52279804428558,9.84717910997254,138.18199789619263,9199.333695327696
2020/1/15 0:00,685.5460584011007,17.019606537383503,43.96797156504016,1.9214361954930004,164.24514322399511,9932.887403458491
2020/1/15 1:00,670.3657859380023,-2.316213531,77.61597697019039,5.074012589917476,132.85908783392998,496.86742500637774
2020/1/15 2:00,647.4173829087325,5.320592259731519,35.05388862854231,13.921254604890747,43.5690001746695,7622.028838779151
2020/1/15 3:00,609.7834160651001,7.129250077183563,32.145675154406426,3.3692341776577788,150.82120446749116,3748.654460703315
2020/1/15 4:00,649.1615875116833,-14.54169402,48.03780219578496,5.5825053575627,270.4240972110305,3954.9589529833265
2020/1/15 5:00,647.3471770780566,8.223808020584869,62.383606971752144,6.48115324416294,25.562759231971967,7554.936484802875
2020/1/15 6:00,617.3201869910015,-8.76874116,90.77907537858664,6.591074845416783,28.864805069485243,9188.342999846816
2020/1/15 7:00,643.3851649237973,18.63746111143093,80.90183488364156,9.194093737417882,127.71766506095432,9511.739515300356
2020/1/15 8:00,639.8504734397374,-9.796804529,81.98945648399868,14.146137566170614,339.02125618281303,5792.369731081292
2020/1/15 9:00,661.5850098052216,-0.48815567,59.784533411365274,3.6103906774875743,240.68615282024905,3603.355535040003
2020/1/15 10:00,663.5093650867644,-12.01276162,54.215449478287404,1.822520644513771,244.32118440212332,7886.113404294853
2020/1/15 11:00,604.5304009772044,19.890598814608154,55.97271340892219,2.9620573478990595,130.29119670163138,2547.4637634598876
2020/1/15 12:00,637.4612614626471,2.576825361593489,99.13546946152405,13.303873503139043,213.71788483507385,5662.536586893501
2020/1/15 13:00,662.5859915714236,5.838475606201534,32.80764339887377,9.68716218982809,3.6472262499876162,3617.855692172488
2020/1/15 14:00,650.3136258580088,-12.65232329,90.6922047285714,4.288601838587402,228.9945767074352,6583.479183393367
2020/1/15 15:00,685.6489841188322,11.248616463971224,70.50727860006754,12.23920408452926,328.7833011274452,2441.9691832903936
2020/1/15 16:00,665.8693631618945,-7.653304242,60.703079343271334,12.92054994545154,220.5264486041349,1956.3498100615163
2020/1/15 17:00,616.293442708143,16.43190013042498,80.76803622905956,12.69771508035417,314.5314936478842,9186.478912420598
2020/1/15 18:00,607.056874740043,-7.820112583,64.0668258997292,13.783898004593317,260.63029996779375,1062.9466453478922
2020/1/15 19:00,664.2419278206315,-8.325929777,91.13962666571624,3.783615302600424,43.40102990532849,5084.28118196257
2020/1/15 20:00,602.6511310541622,-13.72076163,93.0491304807881,11.325628931194174,324.88319062290304,2247.485190481939
2020/1/15 21:00,658.5775581273464,1.5223430788499748,59.520464881141876,6.9080924591121,23.91978396807896,437.3531350903911
2020/1/15 22:00,694.0230241424957,4.769439664191573,49.37794580645361,12.629978293350923,192.22829011719497,408.3872419996926
2020/1/15 23:00,657.5474177875878,-12.70019762,71.46452300153535,10.927360157424198,51.169364565644756,1793.4566324529821
2020/1/16 0:00,638.8169926206522,12.14346658432537,93.86543419316837,11.646711697495869,4.214379863125464,8674.365027334703
2020/1/16 1:00,664.3288218442353,0.8651092161809668,44.746353230396664,9.842427565216072,151.93233364595005,2860.6635025714154
2020/1/16 2:00,645.8252890491517,3.3536594264653026,73.60766084944379,2.661431542045603,106.21465475549624,9507.068747224192
2020/1/16 3:00,654.5616789315935,0.42669614283798474,74.20921540647643,8.175403783454074,174.96017776713708,5837.141815242476
2020/1/16 4:00,694.1464808776525,-0.973292869,81.31791156906968,14.770046092867624,207.7919592244383,4394.311188199223
2020/1/16 5:00,638.6102637800774,4.587411595787625,39.209737958908185,14.060820997456783,15.746066031221048,5821.883904961073
2020/1/16 6:00,696.1190563823914,-9.566591392,80.1077475277462,0.647606036955175,44.28118624454843,5191.148933001365
2020/1/16 7:00,690.5350641956063,-8.632515433,93.63227644659487,2.472222235941557,201.11126272215313,7599.823724885386
2020/1/16 8:00,619.5791134789297,15.162496735473106,42.57781762091694,1.9759316018184285,123.54024714215696,2860.83585642988
2020/1/16 9:00,606.9361300875165,18.114041174677148,46.62803274467144,10.889698649779433,262.50245551780125,3562.8513964230087
2020/1/16 10:00,610.0778001377427,-1.93417393,97.99765658291477,12.266779947854175,234.82499349309828,8946.238310205845
2020/1/16 11:00,601.822182565155,-5.52393644,42.66838668966429,3.2026704946600786,304.41757067636644,9467.242305846534
2020/1/16 12:00,609.4442960755929,7.539984013365551,89.80695653587054,7.587790394277435,249.2974176009211,8930.954363490422
2020/1/16 13:00,668.3006773416357,-0.694304012,64.45944995136244,12.610545420168,154.77518786045331,4223.50753987527
2020/1/16 14:00,607.1188648460229,-14.11147755,47.30617520822239,10.99202317149376,242.26798406199566,7814.636754918472
2020/1/16 15:00,631.8975630293761,-9.534659092,90.9524930890758,8.133558082377725,99.13722273195067,4789.540546345933
2020/1/16 16:00,684.4875310969454,10.059028009658913,61.171367850186584,8.855215356881594,110.27285956015656,5000.5215288537165
2020/1/16 17:00,602.3271935735826,8.062337966855296,66.03721477507831,7.6254082037441995,284.0346575714856,2086.5670851199757
2020/1/16 18:00,681.4468482588936,-14.05164026,55.1463358579836,4.463226769782309,160.7110259045696,5931.746517422239
2020/1/16 19:00,628.18547747734,-7.230974332,71.50655960044492,8.475329892885242,287.4169225866069,1902.0521826458119
2020/1/16 20:00,611.8164827621656,-6.912382119,41.446671080951596,10.33327953075136,296.07205452058025,3349.068755718578
2020/1/16 21:00,669.6737165364151,8.516246025955496,57.375707565623244,13.099843737912115,308.72244155806214,8557.550506118354
2020/1/16 22:00,662.8942846779884,-14.31013118,97.85886256347013,9.544370309688722,329.9886849028346,2110.4043016480096
2020/1/16 23:00,687.7472013527052,-11.35619963,48.06934028907892,11.41682305564737,155.15467938478665,758.0249374756564
2020/1/17 0:00,673.5071043803886,12.997062988061629,75.97156651789045,2.401074524318595,114.79205459560998,736.6255464975222
2020/1/17 1:00,680.3480930384849,-8.750936828,52.76330449572864,6.923362116296849,209.591548773881,9410.805979005923
2020/1/17 2:00,628.2034572571306,7.846113774815613,84.14311879806205,0.13997429740639944,133.62207243754594,5093.858357720254
2020/1/17 3:00,617.7439543779723,-6.663602663,39.16115625028449,3.7001829678243454,216.38670004808387,4123.650114579332
2020/1/17 4:00,675.0614751640858,-11.51955125,97.88747315549813,10.896925726695073,254.01091055177687,8118.241881028788
2020/1/17 5:00,680.6834739267264,-6.488973315,61.76526789685475,14.877149270240452,247.82580665716927,8366.467982709635
2020/1/17 6:00,699.0505142000674,10.279342614948071,46.52353243425247,1.4876714938082385,134.83903932724368,3355.300779500266
2020/1/17 7:00,641.2617676911426,14.94937638,35.14477231310089,6.022414737919323,60.06967261155101,6951.499671864262
2020/1/17 8:00,637.2018085792783,14.057695259844706,41.88305335612785,12.001064530487392,154.9905618463947,7722.672017726271
2020/1/17 9:00,677.6412960741997,-1.098576463,66.38417639892123,3.0605345194334825,51.33389186948715,6563.774334316247
2020/1/17 10:00,634.0803540253017,8.382979779972615,53.59022235019004,8.326274239534294,320.434932666171,1558.3709942609887
2020/1/17 11:00,693.0757325603565,-7.82554966,88.02183561178266,10.996069440445122,124.51588586562866,8765.036680994717
2020/1/17 12:00,685.8412751843011,-4.739829441,60.162126656326414,9.239781753902685,55.605509000396566,5413.990799723287
2020/1/17 13:00,642.8994027375019,16.371753648239192,47.40999908113409,2.820371019231242,9.161193566070317,2860.6006423815365
2020/1/17 14:00,675.0871067791497,-14.54493268,73.2001490622821,5.330768530286091,232.49605906313434,4281.020445105055
2020/1/17 15:00,675.4542874084682,-12.00720142,79.47440518198121,11.756876767280959,229.28483428370757,423.8323494691284
2020/1/17 16:00,610.3123868835933,-7.72398107,41.69293355306649,8.31339771198025,122.617499969265,1322.2746721630547
2020/1/17 17:00,690.2552906679566,-14.07137286,41.73334514018224,0.07844420314369105,25.816279985154363,7667.190167632815
2020/1/17 18:00,650.5252372447857,-8.649759772,32.56699988534801,11.414861400421408,147.46640216228352,50.115765815893106
2020/1/17 19:00,682.6457466107742,5.4064546339392265,81.54814105459484,0.529670324103586,112.0382982228217,4194.829993398807
2020/1/17 20:00,632.0049601030612,-0.250140729,76.46631693352636,11.186006740968482,243.76343030460336,5248.976301801605
2020/1/17 21:00,689.55232284962,16.24350988769412,63.22416130248697,3.0372084024785613,218.08052980296853,593.6124790096743
2020/1/17 22:00,638.9201678734163,13.610524660845432,89.0919314278438,14.371102201790704,131.2537421511144,9732.127721574712
2020/1/17 23:00,601.0837651480298,-3.036392691,86.39691070650372,5.519111269531267,78.44131953179644,2299.9470459342356
2020/1/18 0:00,690.5381976419263,-5.92017983,70.97480550777266,4.903974245071186,355.6929478160131,3076.7772603809944
2020/1/18 1:00,609.1286676786134,-1.710765714,90.7789896359281,2.23332075498667,163.44058363060134,3074.2279969375218
2020/1/18 2:00,631.9313637590415,5.660322988018272,44.40888470257378,4.584063232353223,247.77872488088533,2342.6457880676317
2020/1/18 3:00,695.0061967050805,-5.617772571,37.83437335784095,13.149761427423009,50.59906832820988,64.6645297587986
2020/1/18 4:00,695.0607146937556,6.84521177471969,48.88247280618927,14.94501506440871,174.81229187738322,7306.980701175564
2020/1/18 5:00,657.3437888123286,-0.670592173,33.99607992625204,5.524642957602725,9.913219153007574,9670.112723002889
2020/1/18 6:00,663.18372121698,4.321651329819307,67.18186696007224,6.729159464318139,181.96384244776198,2281.7201586861984
2020/1/18 7:00,644.844552197832,0.26442851973608406,95.5623984606473,10.831064073041055,347.04626656237286,6647.319558444053
2020/1/18 8:00,629.3210771698065,-4.693698416,32.75404784679567,13.292936706976118,138.3144166748881,7431.868453239215
2020/1/18 9:00,632.8664545369916,18.195865743675483,38.54769398070188,8.895665012801762,14.038564526968171,8491.83252195072
2020/1/18 10:00,667.2518456077039,11.726202795591629,61.653931979840465,5.87288547266744,11.14408473096367,4255.160510285411
2020/1/18 11:00,675.237452943768,-10.09603885,95.37125122695335,6.189327612729356,139.67523358087303,3064.162511122271
2020/1/18 12:00,679.1579043725849,15.39637915642695,52.13092734837254,10.434272197452103,57.608977126749856,3286.6865835291596
2020/1/18 13:00,678.9618142794554,2.0600919387329775,65.50643660818747,0.048273954064180224,8.406754678146928,7140.582264330203
2020/1/18 14:00,609.120610304869,16.3093279412932,32.91010013352745,9.29384006189761,272.23690102206365,8176.955691731078
2020/1/18 15:00,649.4420304702581,12.994933958156032,40.38402406734622,5.332395156620361,165.06828319748064,1857.0589791781965
2020/1/18 16:00,605.7558760016644,-0.117527344,99.06410860711928,11.912959969156264,104.12811791015562,3740.863031169764
2020/1/18 17:00,654.9528882323735,-14.21357421,97.55830875052318,1.3948595973469824,324.02994588593305,9024.304957654043
2020/1/18 18:00,644.1530501373377,-5.596292422,30.345798665408672,8.823034004225857,41.81002567218922,8076.6005209626555
2020/1/18 19:00,688.77041827583,3.9571975131303425,96.62682497962673,7.2145933482918565,344.13077842391493,9849.341107486634
2020/1/18 20:00,635.0915012552078,7.171737693915155,74.73839564708503,9.63488288857841,113.02801825584702,7554.770183836704
2020/1/18 21:00,611.7067016427605,-5.97393101,90.75428061640154,0.9728039172445252,319.82532203112527,3962.2922502278266
2020/1/18 22:00,614.2991682052835,-10.12253741,61.83178989437013,8.699756811421969,217.05943553260616,5926.846448246646
2020/1/18 23:00,676.1510631717472,14.22255828797547,66.09172200054752,8.422268819392857,297.6146495069355,6627.091829760837
2020/1/19 0:00,661.8218063316261,19.454076324624324,64.21926061798442,8.409901416242564,354.2447387557671,830.6353723553833
2020/1/19 1:00,610.112267612279,3.399156380594004,76.6804980282273,9.052314998946823,103.82595761474846,5467.744743083457
2020/1/19 2:00,608.4106806114997,-8.991224995,39.7755878329419,10.147019058395433,346.0087747467335,7107.742243302465
2020/1/19 3:00,670.096913145912,-5.469243572,32.098151291087454,12.074834995211546,140.21348216487132,1714.8469748105508
2020/1/19 4:00,607.2763006364194,-14.35632632,51.55509591138336,4.047310801923215,138.78428570529204,7817.285588384294
2020/1/19 5:00,682.1860059290357,17.000458229617465,79.32765339156526,12.37574115270093,122.53935753162204,5858.539166115411
2020/1/19 6:00,670.6242227156496,-10.8787121,44.129741648606384,7.473835233951805,194.90673864513067,9524.606767691066
2020/1/19 7:00,608.1348780641899,5.1780766429988745,77.14027033274421,1.1558741870149674,55.49221554425535,472.10186715857236
2020/1/19 8:00,608.4837714085191,-5.408067276,97.89384322750892,0.878263938659688,199.33613472888402,2689.995068676896
2020/1/19 9:00,698.6639578501175,4.396230088052768,36.573050105259284,5.013574780440912,195.01373246760144,6035.461099033249
2020/1/19 10:00,637.4270795756121,7.799713592315246,77.08214827575884,11.773454656672014,274.2846525377532,3000.7711264490104
2020/1/19 11:00,637.0642147066891,14.040963129752058,61.06251535131998,10.615214021113736,300.1139862975308,7158.52043250886
2020/1/19 12:00,681.2799567257503,-7.775255488,90.76995780642537,11.829224470086096,158.55888611247266,7602.102561093214
2020/1/19 13:00,694.7248577383858,-14.615146,42.400485261317016,7.7590358466241405,108.83996976653775,1070.0338424614208
2020/1/19 14:00,698.6001063822871,-10.20900295,78.48381665583152,6.602984969332359,93.36056303415401,5162.851918857339
2020/1/19 15:00,675.3378185258941,16.50065246468368,88.66807027536771,2.2117879005942593,70.0645812137539,5113.461028131006
2020/1/19 16:00,637.6259585530916,15.586152714688033,96.12299536318163,4.922891304139673,20.753129591648957,3724.3436636446336
2020/1/19 17:00,608.3500716698669,5.909458575960791,77.82736198027521,6.510290492608129,123.2812723804968,9332.602382568237
2020/1/19 18:00,677.7146915927436,6.01809011517787,64.8022334805899,1.3290064451942585,97.28916916708198,8283.687882738552
2020/1/19 19:00,655.8404249735805,8.276283609118941,73.24930681408497,3.309179290668169,347.9102589119066,6987.233350000886
2020/1/19 20:00,642.4222009246977,-8.862005248,90.82334891351027,8.973379410956083,200.7751774500158,7157.550025563226
2020/1/19 21:00,690.6354385094736,17.004418107373596,69.94268226471809,11.034946713587848,125.01973405098272,4644.075630940535
2020/1/19 22:00,611.1197482306152,-0.343031629,32.12709417877858,14.975212670894244,208.96833635773055,9213.89548491093
2020/1/19 23:00,649.2625104290859,-1.590151511,95.16640868548845,13.996699970153365,50.110812484450385,6961.22450117019
2020/1/20 0:00,601.1353644767419,3.162119684899313,78.26687257220928,9.638477993027873,159.85574971279306,7303.361563475373
2020/1/20 1:00,646.8660641994127,-13.35619116,77.35593700440725,6.31872079941108,225.44435571158297,8623.824492684085
2020/1/20 2:00,605.6303275681837,-9.180082094,45.0972606678402,9.54266047062349,176.0032194452825,2777.0123139548004
2020/1/20 3:00,611.8817916268072,10.831176574922967,76.121982916286,11.78477427120348,144.64036823555674,8080.355493473695
2020/1/20 4:00,611.7526246777105,-12.10204662,57.570508395791094,1.7750428638508098,357.7854200038913,1992.6439994170958
2020/1/20 5:00,664.9210302116063,6.110323831323587,75.58630839290444,6.148573345444324,316.91331437361373,3486.152424836634
2020/1/20 6:00,674.6044879265423,-6.412781161,37.46151212155935,12.597034284534258,224.42614493739845,3389.324019984935
2020/1/20 7:00,658.3368765097159,-1.374653509,76.04917132221252,5.75749427899566,204.9758500256218,9786.328410471948
2020/1/20 8:00,696.2172548474542,-4.895719213,99.95896080394665,8.578084068407797,223.43777273685026,8572.545376291871
2020/1/20 9:00,637.4870579523704,-2.551454924,33.374842720238924,8.816540412932973,72.47235881607597,7026.640122823084
2020/1/20 10:00,628.5712086281861,10.166606681448592,98.4021928954922,2.7671437970045902,142.2495875751547,7284.214778073132
2020/1/20 11:00,686.859912818946,-4.600739953,58.48355725060094,5.433531624784326,14.205431840723755,5642.624304305582
2020/1/20 12:00,622.3595838519452,4.824162410391402,90.95274152360814,5.017669331128982,171.1965734952576,9473.552137729765
2020/1/20 13:00,696.3222539440611,1.6617640769684883,84.76698388407914,0.3929506279809719,195.48885022475875,4987.774591179497
2020/1/20 14:00,601.2154474689817,8.228490787692685,69.69113826906676,0.36287645837032867,81.98990499715545,3836.1512132054504
2020/1/20 15:00,696.987882670764,17.789040876366528,81.69144464759285,12.475455655136601,347.0503849795849,1672.2016024693305
2020/1/20 16:00,604.3159911950576,10.64002340235876,91.49608929109435,4.0960621495921865,327.4036599374071,7872.746239997527
2020/1/20 17:00,689.1143113698071,-7.477086749,58.28982251557231,7.771181493582231,259.97156476412613,7357.717124152135
2020/1/20 18:00,652.7701109086299,-13.90859027,52.892321309426706,4.480883603831596,192.01918635553054,3874.332633315142
2020/1/20 19:00,699.2964796119301,-5.82075845,76.73153698945093,14.110188676730107,313.1888974731666,300.6744688943321
2020/1/20 20:00,607.3796564735399,5.82772757450892,86.5492159358881,3.889451382986606,47.03484377644665,8398.023410794207
2020/1/20 21:00,655.385428440132,-13.20009653,83.3599594343631,6.444852191084026,284.5835259389586,163.60893536803263
2020/1/20 22:00,696.9302535619099,2.3728186520432715,85.84695542010442,13.090953757269027,44.93549302806539,7051.812807309057
2020/1/20 23:00,652.3097844170148,5.889499712091123,60.49083203690531,12.62900350187713,285.91583851778597,9704.058241774268
2020/1/21 0:00,662.9398638135262,-3.301463821,87.24839513225152,2.7915212676941596,99.2763245704885,4404.7302150746245
2020/1/21 1:00,669.5748688984618,11.981927131103767,38.41463387594259,12.039649646935656,315.75260916654804,2387.98537970973
2020/1/21 2:00,645.4541064767773,-11.26906114,68.11423685725947,6.87280330106839,339.85515377714324,7063.466549931648
2020/1/21 3:00,662.7558080084063,-12.37017764,30.40310623486851,7.244533081280328,53.56654898584163,8180.425013055072
2020/1/21 4:00,658.43143119231,10.486606467126116,52.72100809301892,2.002199586239157,166.56321782354166,5486.98164497458
2020/1/21 5:00,690.1158010490989,2.342196067216946,55.65230744099785,1.20902270635687,353.15545613856665,9672.000988798654
2020/1/21 6:00,604.5446380341458,9.09408387497076,57.732088412647876,10.919089604606478,174.02667695033279,564.103780496713
2020/1/21 7:00,628.096318959223,0.21895685113111796,78.68270446829035,7.446917285329496,310.87710810523623,5072.716203130055
2020/1/21 8:00,695.0411484076559,-6.375928837,57.1990670889242,6.552760539227693,211.94334796727514,7198.616775859373
2020/1/21 9:00,689.0263783890916,13.66858111859699,61.408553583577145,10.94262342978595,135.11876685105668,8633.27268793433
2020/1/21 10:00,645.5656752785712,12.979555763914274,46.62808916120292,11.482693484866646,102.88207998931327,1833.593338482511
2020/1/21 11:00,662.0132597801537,9.314376479904936,56.12762541405381,2.3836225150403036,73.16031279099141,8010.03464354863
2020/1/21 12:00,627.7381182981132,-5.474920197,45.9088739084206,9.15337724216462,274.247348895971,5549.435403399525
2020/1/21 13:00,618.8121159723761,5.658073340418049,35.123714663791056,2.030311234165283,139.15458245629003,3995.709135800134
2020/1/21 14:00,646.3698404939983,-2.365913607,72.24140153669646,11.270626290435684,184.0591663922704,1360.564534361981
2020/1/21 15:00,635.3352228026052,-11.79462743,76.77489589885113,9.854327344007093,177.2371728004255,8659.69280114368
2020/1/21 16:00,658.3656111850872,17.105975141178497,73.36432422067301,14.349219316251869,207.82045052392724,1614.8684213881677
2020/1/21 17:00,607.7734636964985,-10.21134792,62.44458306604007,1.0343702453463177,311.6077724248388,3132.3891991305372
2020/1/21 18:00,697.4394807666166,18.258307383728088,56.585004612546086,0.8558208172688148,353.06616369003456,2935.953043026247
2020/1/21 19:00,698.6210744479603,0.6102020535284503,90.43335547002776,4.232806120398002,146.7303150865741,8720.56964
